{
  "Continue": "[Thai] Continue",
  "Send code again": "Send code again",
  "The OTP you entered is incorrect - please try again": "The OTP you entered is incorrect - please try again",
  "Enter OTP Code": "Enter OTP Code",
  "Please enter the 4-digit code sent via SMS to your registered phone number": "Please enter the 4-digit code sent via SMS to your registered phone number",
  "Let’s Get Started": "[Thai] Let’s Get Started",
  "Please enter your phone number": "Please enter your phone number",
  "Please enter a valid phone number": "Please enter a valid phone number",
  "Your phone number is invalid": "Your phone number is invalid",
  "Create New Store": "[Thai] Create New Store",
  "Start selling online in minutes. Let’s go!": "[Thai] Start selling online in minutes. Let’s go!",
  "Already have an account?": "[Thai] Already have an account?",
  "Log in": "[Thai] Log in",
  "By creating a new store, you agree to our Terms of Service and Privacy Policy": "By creating a new store, you agree to our Terms of Service and Privacy Policy",
  "By creating a new store, you agree to our ": "[Thai] By creating a new store, you agree to our ",
  "Terms of Service": "Terms of Service",
  " and ": " and ",
  "Privacy Policy": "Privacy Policy",
  "Open": "Open",
  "View Store": "View Store",
  "You have not yet set your business hours": "You have not yet set your business hours",
  "Click here to set now": "Click here to set now",
  "Register your social media accounts to allow your customers to get in touch": "Register your social media accounts to allow your customers to get in touch",
  "Register now": "Register now",
  "Share Store Online": "Share Store Online",
  "Your customers can visit your online store and place orders from this link": "Your customers can visit your online store and place orders from this link",
  "Share": "Share",
  "Store QR Code": "Store QR Code",
  "Download": "Download",
  "Share this QR Code": "Share this QR Code",
  "Line": "Line",
  "Facebook": "Facebook",
  "WhatsApp": "WhatsApp",
  "Copy URL": "Copy URL",
  "Store": "Store",
  "Complete": "Complete",
  "Create Online Store": "Create Online Store",
  "Congratulations on your new online store": "Congratulations on your new online store",
  "Add Product": "Add Product",
  "Start adding products to create your online store catalogue": "Start adding products to create your online store catalogue",
  "Confirm payment details": "Confirm payment details",
  "Set up payment bank account or PromptPay": "Set up payment bank account or PromptPay",
  "Confirm Details": "Confirm Details",
  "Share On Social Media": "Share On Social Media",
  "Connect social media to share your store": "Connect social media to share your store",
  "Orders": "Orders",
  "New Orders": "New Orders",
  "To Ship": "To Ship",
  "Completed": "Completed",
  "Analytics": "Analytics",
  "Today": "Today",
  "Yesterday": "Yesterday",
  "This week": "This week",
  "This month": "This month",
  "Total sales": "Total sales",
  "orders": "orders",
  "Product Rankings": "Product Rankings",
  "Most Revenue": "Most Revenue",
  "days": "days",
  "Last month": "Last month",
  "All time": "All time",
  "Recent Orders": "Recent Orders",
  "Latest Reviews": "Latest Reviews",
  "View All": "View All",
  "Reply": "Reply",
  "Feature Request": "Feature Request",
  "Categories": "Categories",
  "Choose Categories": "Choose Categories",
  "Feedback": "Feedback",
  "Share Store": "Share Store",
  "Create account": "Create account",
  "Logo": "Logo",
  "Business Name": "Business Name",
  "Business Type": "Business Type",
  "Types of Products": "Types of Products",
  "Email": "Email",
  "*": "*",
  "Let customers know your shop name": "Let customers know your shop name",
  "Nature of Business": "Nature of Business",
  "Goods Sold": "Goods Sold",
  "zaapi@example.com": "zaapi@example.com",
  "Back": "Back",
  "Camera": "Camera",
  "Import from files app": "Import from files app",
  "Tap here": "Tap here",
  "to upload your store logo": "to upload your store logo",
  "Payment setting": "Payment setting",
  "Set up payment": "Set up payment",
  "Please add and toggle on at least one method of payment": "Please add and toggle on at least one method of payment",
  "All payment details toggled on will be provided to customers upon making an order": "All payment details toggled on will be provided to customers upon making an order",
  "PromptPay": "PromptPay",
  "PromptPay Number": "PromptPay Number",
  "Enabled": "Enabled",
  "Bank Account": "Bank Account",
  "Choose Bank": "Choose Bank",
  "Bank Name": "Bank Name",
  "Account Number": "Account Number",
  "Full name": "Full name",
  "Account Name": "Account Name",
  "Save": "Save",
  "Store URL": "Store URL",
  "Update Successful": "Update Successful",
  "Copy Success": "Copy Success",
  "The field is required": "The field is required",
  "Others": "Others",
  "Type of products": "Type of products",
  "Store Information": "Store Information",
  "Store Location": "Store Location",
  "Choose your location": "Choose your location",
  "Allow customer self pick-up": "Allow customer self pick-up",
  "Display location on online store": "Display location on online store",
  "Delivery Radius": "Delivery Radius",
  "Domestic": "Domestic",
  "Radius": "Radius",
  "Other": "Other",
  "Business Hours": "Business Hours",
  "Allow to place orders at any time": "Allow to place orders at any time",
  "Allow to place orders only business hours": "Allow to place orders only business hours",
  "Recommended": "Recommended",
  "Products": "Products",
  "All Categories": "All Categories",
  "In Stock": "In Stock",
  "Share this category": "Share this category",
  "Edit this category": "Edit this category",
  "Delete this category": "Delete this category",
  "Offline": "Offline",
  "Are you sure you want to take this category offline": "Are you sure you want to take this category offline",
  "Turning this category offline will remove it from your store until it is put online again": "Turning this category offline will remove it from your store until it is put online again",
  "ErrorCode": {
    "ZP0000": "Something went wrong. Please try again",
    "ZP0001": "The access token is invalid",
    "ZP0002": "The access token is expired",
    "ZP0003": "The issued access token is invalid",
    "ZP0004": "User is not in the system",
    "ZP0005": "Something wrong with external Auth system",
    "ZP0006": "Invalid or expired OTP",
    "ZP0007": "Invalid or expired OTP",
    "ZP0008": "User is already in the system"
  },
  "Language": "THLanguage"
}
