{
  "Continue": "Continue",
  "Send code again": "Send code again",
  "The OTP you entered is incorrect - please try again": "The OTP you entered is incorrect - please try again",
  "Enter OTP Code": "Enter OTP Code",
  "Please enter the 4-digit code sent via SMS to your registered phone number": "Please enter the 4-digit code sent via SMS to your registered phone number",
  "Let’s Get Started": "Let’s Get Started",
  "Please enter your phone number": "Please enter your phone number",
  "Please enter a valid phone number": "Please enter a valid phone number",
  "Your phone number is invalid": "Your phone number is invalid",
  "Create New Store": "Create New Store",
  "Start selling online in minutes. Let’s go!": "Start selling online in minutes.\n Let’s go!",
  "Already have an account?": "Already have an account?",
  "Log in": "Log in",
  "By creating a new store, you agree to our Terms of Service and Privacy Policy": "By creating a new store, you agree to our Terms of Service and Privacy Policy",
  "By creating a new store, you agree to our ": "By creating a new store, you agree to our ",
  "Terms of Service": "Terms of Service",
  " and ": " and ",
  "Privacy Policy": "Privacy Policy",
  "Open": "Open",
  "View Store": "View Store",
  "You have not yet set your business hours": "You have not yet set your business hours",
  "Click here to set now": "Click here to set now",
  "Register your social media accounts to allow your customers to get in touch": "Register your social media accounts to allow your customers to get in touch",
  "Register now": "Register now",
  "Share Store Online": "Share Store Online",
  "Your customers can visit your online store and place orders from this link": "Your customers can visit your online store and place orders from this link",
  "Share": "Share",
  "Store QR Code": "Store QR Code",
  "Download": "Download",
  "Share this QR Code": "Share this QR Code",
  "Line": "Line",
  "Facebook": "Facebook",
  "WhatsApp": "WhatsApp",
  "Copy URL": "Copy URL",
  "Store": "Store",
  "Complete": "Complete",
  "Create Online Store": "Create Online Store",
  "Congratulations on your new online store": "Congratulations on your new online store",
  "Add Product": "Add Product",
  "Start adding products to create your online store catalogue": "Start adding products to create your online store catalogue",
  "Confirm payment details": "Confirm payment details",
  "Set up payment bank account or PromptPay": "Set up payment bank account or PromptPay",
  "Confirm Details": "Confirm Details",
  "Share On Social Media": "Share On Social Media",
  "Connect social media to share your store": "Connect social media to share your store",
  "Orders": "Orders",
  "New Orders": "New Orders",
  "To Ship": "To Ship",
  "Completed": "Completed",
  "Analytics": "Analytics",
  "Today": "Today",
  "Yesterday": "Yesterday",
  "This week": "This week",
  "This month": "This month",
  "Total sales": "Total sales",
  "orders": "orders",
  "Product Rankings": "Product Rankings",
  "Most Revenue": "Most Revenue",
  "days": "days",
  "Last month": "Last month",
  "All time": "All time",
  "Recent Orders": "Recent Orders",
  "Latest Reviews": "Latest Reviews",
  "View All": "View All",
  "Reply": "Reply",
  "Feature Request": "Feature Request",
  "Categories": "Categories",
  "Choose Categories": "Choose Categories",
  "Feedback": "Feedback",
  "Share Store": "Share Store",
  "Create account": "Create account",
  "Logo": "Logo",
  "Business Name": "Business Name",
  "Business Type": "Business Type",
  "Types of Products": "Types of Products",
  "Email": "Email",
  "*": "*",
  "Let customers know your shop name": "Let customers know your shop name",
  "Nature of Business": "Nature of Business",
  "Goods Sold": "Goods Sold",
  "zaapi@example.com": "zaapi@example.com",
  "Back": "Back",
  "Camera": "Camera",
  "Import from files app": "Import from files app",
  "Tap here": "Tap here",
  "to upload your store logo": "to upload your store logo",
  "Payment setting": "Payment setting",
  "Set up payment": "Set up payment",
  "Please add and toggle on at least one method of payment": "Please add and toggle on at least one method of payment",
  "All payment details toggled on will be provided to customers upon making an order": "All payment details toggled on will be provided to customers upon making an order",
  "PromptPay": "PromptPay",
  "PromptPay Number": "PromptPay Number",
  "Enabled": "Enabled",
  "Disabled": "Disabled",
  "Bank Account": "Bank Account",
  "Choose Bank": "Choose Bank",
  "Bank Name": "Bank Name",
  "Account Number": "Account Number",
  "Full name": "Full name",
  "Account Name": "Account Name",
  "Save": "Save",
  "Store URL": "Store URL",
  "Update Successful": "Update Successful",
  "Copy Success": "Copy Success",
  "The field is required": "The field is required",
  "Others": "Others",
  "Type of products": "Type of products",
  "Store Information": "Store Information",
  "Store Location": "Store Location",
  "Choose your location": "Choose your location",
  "Allow customer self pick-up": "Allow customer self pick-up",
  "Display location on online store": "Display location on online store",
  "Delivery Radius": "Delivery Radius",
  "Domestic": "Domestic",
  "Radius": "Radius",
  "Other": "Other",
  "Business Hours": "Business Hours",
  "Allow to place orders at any time": "Allow to place orders at any time",
  "Allow to place orders only business hours": "Allow to place orders only business hours",
  "Recommended": "Recommended",
  "Products": "Products",
  "All Categories": "All Categories",
  "In Stock": "In Stock",
  "Share this product": "Share this product",
  "Edit this product": "Edit this product",
  "Delete this product": "Delete this product",
  "Share this category": "Share this category",
  "Edit this category": "Edit this category",
  "Delete this category": "Delete this category",
  "Offline": "Offline",
  "All Items": "All Items",
  "Category Image": "Category Image",
  "Display category": "Display category",
  "Category Name": "Category Name",
  "Create Category": "Create Category",
  "Your save will be lost if you don’t save them": "Your save will be lost if you\n don’t save them",
  "Do you want to save the changes you made to this category": "Do you want to save the changes you made to this category",
  "Products currently in this category will no longer belong to any category and will not display on your store until they are added to a category": "Products currently in this category will no longer belong to any category and will not display on your store until they are added to a category",
  "Are you sure you want to delete this product": "Are you sure you want to delete this product",
  "Are you sure you want to delete this category": "Are you sure you want to delete this category",
  "Toggle off to hide this category from your shop": "Toggle off to hide this category from your shop",
  "Are you sure you want to take this category offline": "Are you sure you want to take this category offline",
  "Turning this category offline will remove it from your store until it is put online again": "Turning this category offline will remove it from your store until it is put online again",
  "ErrorCode": {
    "ZP0000": "Something went wrong. Please try again",
    "ZP0001": "The access token is invalid",
    "ZP0002": "The access token is expired",
    "ZP0003": "The issued access token is invalid",
    "ZP0004": "User is not in the system",
    "ZP0005": "Something wrong with external Auth system",
    "ZP0006": "The OTP you entered is incorrect - please try again",
    "ZP0007": "Invalid or expired OTP",
    "ZP0008": "It seems like this phone number is registered already. Try <0>logging in</0> instead",
    "ZPSTORE0003": "This name is already taken. Please try again. Your name must be 5-50 characters long and composed only of numbers, letters a-z, underscores or dots."
  },
  "Default Business Hours": "Default Business Hours",
  "Monday": "Monday",
  "Tuesday": "Tuesday",
  "Wednesday": "Wednesday",
  "Thursday": "Thursday",
  "Friday": "Friday",
  "Saturday": "Saturday",
  "Sunday": "Sunday",
  "Mon": "Mon",
  "Tue": "Tue",
  "Wed": "Wed",
  "Thu": "Thu",
  "Fri": "Fri",
  "Sat": "Sat",
  "Sun": "Sun",
  "Apply Default Settings": "Apply Default Settings",
  "Custom": "Custom",
  "Apply to all working days": "Apply to all working days",
  "Working Days": "Working Days",
  "Set Business Hours": "Set Business Hours",
  "Set business hours now": "Set business hours now",
  "Always Open": "Always Open",
  "On Holidays": "On Holidays",
  "Are you sure you want to log out?": "Are you sure you want to log out?",
  "Your store will remain online, but you will no longer receive notifications when customers place orders.": "Your store will remain online, but you will no longer receive notifications when customers place orders.",
  "Do you wish to request your customers to make payments to this PromptPay number?": "Do you wish to request your customers to make payments to this PromptPay number?",
  "Are you sure you want to change your store link?": "Are you sure you want to change your store link?",
  "After editing your store link, users will only be able to access your online store through this link. Your current store link will become invalid.": "After editing your store link, users will only be able to access your online store through this link. Your current store link will become invalid.",
  "products": "products",
  "product": "product",
  "Sorry, this name already exists": "Sorry, this name already exists",
  "You have already created a variant category with this name. Please change the name and try again.": "You have already created a variant category with this name. Please change the name and try again.",
  "Rearranging your categories will change the order in which they are displayed on your store.": "Rearranging your categories will change the order in which they are displayed on your store.",
  "Important": "Important",
  "Please set filter to \"All\" before rearranging your categories.": "Please set filter to \"All\" before rearranging your categories.",
  "Rearranging your products will change the order in which they are displayed on your store.": "Rearranging your products will change the order in which they are displayed on your store.",
  "You have unsaved changes": "You have unsaved changes",
  "Are you sure you want to exit? All unsaved changes will be lost.": "Are you sure you want to exit? All unsaved changes will be lost.",
  "Are you sure you want to turn off this product?": "Are you sure you want to turn off this product?",
  "Turning this product offline will remove it from your store until it is put online again.": "Turning this product offline will remove it from your store until it is put online again.",
  "Type your description here": "Type your description here",
  "Note: customers will only be able to place orders during your business hours": "Note: customers will only be able to place orders during your business hours",
  "Note": "Note",
  "Customers will only be able to place orders during your business hours": "Customers will only be able to place orders during your business hours",
  "Discount Code": "Discount Code",
  "Customer will enter this code at checkout": "Customer will enter this code at checkout",
  "Discount Type": "Discount Type",
  "Choose type": "Choose type",
  "Applies To": "Applies To",
  "Minimum Requirement": "Minimum Requirement",
  "Choose": "Choose",
  "Eligibility": "Eligibility",
  "Usage Limits": "Usage Limits",
  "Limit number of times discount can be used in total": "Limit number of times discount can be used in total",
  "Limit to one use per customer": "Limit to one use per customer",
  "Start Date": "Start Date",
  "Start Time": "Start Time",
  "Set End Date": "Set End Date",
  "Create": "Create",
  "Create Discount Code": "Create Discount Code",
  "Limit Amount": "Limit Amount",
  "Customers": "Customers",
  "Select all specific customers": "Select all specific customers",
  "Add Customer": "Add Customer",
  "Discount Value": "Discount Value",
  "Amount": "Amount",
  "Quantity of Items": "Quantity of Items",
  "Products Categories": "Products Categories",
  "Select all applicable products categories.": "Select all applicable products categories.",
  "Add Category": "Add Category",
  "Select all applicable products.": "Select all applicable products.",
  "Start date": "Start date",
  "Time": "Time",
  "End date": "End date",
  "An error occurred": "An error occurred",
  "Language": "Language",
  "Customer Buys": "Customer Buys",
  "Minimum quantity of items": "Minimum quantity of items",
  "Customer Gets": "Customer Gets",
  "Offer": "Offer",
  "Percentage discount": "Percentage discount",
  "Value": "Value",
  "Created today": "Created today",
  "Created": "Created",
  "Expired on {{date}}": "Expired on {{date}}",
  "Valid from {{date}}": "Valid from {{date}}",
  "Valid from {{fromDate}} to {{toDate}}": "Valid from {{fromDate}} to {{toDate}}",
  "Create Automatic Discount": "Create Automatic Discount",
  "Discount Title": "Discount Title",
  "Automatic discount title": "Automatic discount title",
  "Used {{x}} times": "Used {{x}} times",
  "{{discountCode}} Copy {{number}}": "{{discountCode}} Copy {{number}}",
  "Search discount": "Search discount",
  "{{x}}% off on all items": "{{x}}% off on all items",
  "{{currency}} {{x}} off on all items": "{{currency}} {{x}} off on all items",
  "Free shipping on all items": "Free shipping on all items",
  "Discount details": "Discount details",
  "Buy {{x}} get {{y}} for selected items": "Buy {{x}} get {{y}} for selected items",
  "Buy {{x}} get {{y}}": "Buy {{x}} get {{y}}",
  "A discount with this name already exists. Please change the name and try again.": "A discount with this name already exists. Please change the name and try again.",
  "You have already created a category with this name. Please change the name and try again.": "You have already created a category with this name. Please change the name and try again.",
  "No product yet. You can add product by clicking the link below or": "No product yet. You can add product by clicking the link below or",
  "at the top right": "at the top right",
  "No discount code yet. You can add product code by clicking the link below or": "No discount code yet. You can add product code by clicking the link below or",
  "No automatic discount yet. You can add automatic discount by clicking the link below or": "No automatic discount yet. You can add automatic discount by clicking the link below or",
  "Select All": "Select All",
  "The end date cannot be before the start date": "The end date cannot be before the start date",
  "All products left without a category will automatically be moved to the \"Other\" category.": "All products left without a category will automatically be moved to the \"Other\" category.",
  "Are you sure you want to delete this category?": "Are you sure you want to delete this category?",
  "Order Fulfilled Manually": "Order Fulfilled Manually",
  "Are you sure you want to cancel this order?": "Are you sure you want to cancel this order?",
  "Have you refunded this customer?": "Have you refunded this customer?",
  "Please proceed to a refund before cancelling this order.": "Please proceed to a refund before cancelling this order.",
  "Payment settings": "Payment settings",
  "Delivery Settings": "Delivery Settings",
  "Product Variants": "Product Variants",
  "FAQs": "FAQs",
  "Video Tutorial": "Video Tutorial",
  "Rate Us": "Rate Us",
  "Account Settings": "Account Settings",
  "Refer Friends and Unlock Perks": "Refer Friends and Unlock Perks",
  "Blogs": "Blogs",
  "Contact": "Contact"
}
